year,region,business_unit,average_headcount,attrition_rate,training_hours_per_fte
2019,Americas,Strategy & Consulting,66885,0.106,60.3
2019,Americas,Technology,62286,0.119,62.5
2019,Americas,Operations,64092,0.113,62.8
2019,Europe,Strategy & Consulting,62532,0.09,63.7
2019,Europe,Technology,62425,0.108,59.5
2019,Europe,Operations,68047,0.101,64.8
2019,Growth Markets,Strategy & Consulting,69137,0.104,60.1
2019,Growth Markets,Technology,61838,0.136,63.4
2019,Growth Markets,Operations,69797,0.119,60.4
2020,Americas,Strategy & Consulting,73131,0.098,56.2
2020,Americas,Technology,75128,0.124,60.1
2020,Americas,Operations,73439,0.123,62.4
2020,Europe,Strategy & Consulting,63338,0.118,59.0
2020,Europe,Technology,74268,0.11,58.2
2020,Europe,Operations,71265,0.12,57.8
2020,Growth Markets,Strategy & Consulting,68718,0.117,72.0
2020,Growth Markets,Technology,62597,0.119,54.8
2020,Growth Markets,Operations,63659,0.104,62.0
2021,Americas,Strategy & Consulting,63132,0.111,54.6
2021,Americas,Technology,74569,0.113,64.2
2021,Americas,Operations,68794,0.099,66.5
2021,Europe,Strategy & Consulting,64030,0.114,58.6
2021,Europe,Technology,73663,0.125,67.6
2021,Europe,Operations,68287,0.102,64.1
2021,Growth Markets,Strategy & Consulting,71550,0.13,62.0
2021,Growth Markets,Technology,63700,0.12,66.2
2021,Growth Markets,Operations,72038,0.117,61.0
2022,Americas,Strategy & Consulting,75360,0.11,59.3
2022,Americas,Technology,72871,0.136,69.6
2022,Americas,Operations,78155,0.13,52.3
2022,Europe,Strategy & Consulting,83484,0.132,68.4
2022,Europe,Technology,77586,0.105,60.5
2022,Europe,Operations,87622,0.112,60.7
2022,Growth Markets,Strategy & Consulting,74172,0.118,65.4
2022,Growth Markets,Technology,83853,0.123,65.6
2022,Growth Markets,Operations,78325,0.127,60.3
2023,Americas,Strategy & Consulting,85689,0.105,55.8
2023,Americas,Technology,84907,0.114,63.1
2023,Americas,Operations,80417,0.105,54.5
2023,Europe,Strategy & Consulting,83942,0.134,52.4
2023,Europe,Technology,79201,0.107,55.3
2023,Europe,Operations,89382,0.118,55.9
2023,Growth Markets,Strategy & Consulting,82436,0.121,53.7
2023,Growth Markets,Technology,74942,0.124,59.8
2023,Growth Markets,Operations,84625,0.122,56.8
2024,Americas,Strategy & Consulting,83531,0.127,57.1
2024,Americas,Technology,78048,0.114,61.9
2024,Americas,Operations,83552,0.124,59.1
2024,Europe,Strategy & Consulting,82993,0.125,52.5
2024,Europe,Technology,81613,0.119,70.5
2024,Europe,Operations,77656,0.125,62.2
2024,Growth Markets,Strategy & Consulting,88415,0.126,51.2
2024,Growth Markets,Technology,75397,0.127,56.2
2024,Growth Markets,Operations,88346,0.12,62.4
